Workbook

Sheet Sheet1
A1: Component Number | B1: Supplier Name | C1: Delivery Timeline (Days) | D1: Raw Material Cost ($) | E1: Risk Level | F1: Mitigation Plan | G1: Supply Chain Expected Date | H1: Defect Rate (%) | I1: Production Usage Rate (Units/Day) | J1: Supplier Reliability (%) | K1: Inventory Level (Units) | L1: Reorder Point (Units) | M1: Lead Time Variance (Days) | N1: Expedite Shipping Cost ($) | O1: Order Size (Units) | P1: On-Time Delivery Rate (%) | Q1: Backorder Volume (Units) | R1: Quality Inspection Pass Rate (%) | S1: Forecast Accuracy (%) | T1: Safety Stock (Units)
A2: BIND567 | B2: EcoSupply | C2: 64 | D2: 1309 | E2: Medium | F2: Negotiate Terms | G2: 45641 | H2: 2.91 | I2: 1496 | J2: 99 | K2: 25500 | L2: 580 | M2: 26 | N2: 1100 | O2: 2698 | P2: 99 | Q2: 453 | R2: 95 | S2: 98 | T2: 398
A3: CARB123 | B3: RawMatPlus | C3: 62 | D3: 1112 | E3: Medium | F3: Review Contract | G3: 45641 | H3: 4.41 | I3: 1277 | J3: 97 | K3: 16530 | L3: 1214 | M3: 24 | N3: 1196 | O3: 1569 | P3: 84 | Q3: 110 | R3: 95 | S3: 83 | T3: 347
A4: CARB123 | B4: RawMatPlus | C4: 10 | D4: 1108 | E4: High | F4: Expedite Shipping | G4: 45494 | H4: 2.56 | I4: 771 | J4: 87 | K4: 20100 | L4: 1262 | M4: 8 | N4: 1603 | O4: 1538 | P4: 98 | Q4: 219 | R4: 99 | S4: 92 | T4: 485
A5: CARB123 | B5: RawMatPlus | C5: 12 | D5: 1046 | E5: Low | F5: Negotiate Terms | G5: 45372 | H5: 1.22 | I5: 1196 | J5: 91 | K5: 34420 | L5: 565 | M5: 6 | N5: 1281 | O5: 2220 | P5: 94 | Q5: 270 | R5: 94 | S5: 97 | T5: 740
A6: CARB123 | B6: RawMatPlus | C6: 9 | D6: 1393 | E6: High | F6: Increase Inventory | G6: 45332 | H6: 2.46 | I6: 964 | J6: 85 | K6: 49060 | L6: 1239 | M6: 4 | N6: 1525 | O6: 2560 | P6: 85 | Q6: 259 | R6: 91 | S6: 89 | T6: 730
A7: COAT890 | B7: GlobalChem | C7: 60 | D7: 1125 | E7: Low | F7: Source Alternative | G7: 45630 | H7: 3.55 | I7: 1413 | J7: 93 | K7: 13560 | L7: 1104 | M7: 22 | N7: 565 | O7: 1061 | P7: 82 | Q7: 111 | R7: 93 | S7: 96 | T7: 608
A8: COAT890 | B8: GlobalChem | C8: 15 | D8: 1116 | E8: Medium | F8: Negotiate Terms | G8: 45410 | H8: 0.95 | I8: 784 | J8: 92 | K8: 36030 | L8: 1354 | M8: 5 | N8: 833 | O8: 1758 | P8: 91 | Q8: 107 | R8: 94 | S8: 82 | T8: 611
A9: COAT890 | B9: RawMatPlus | C9: 8 | D9: 1083 | E9: Medium | F9: Expedite Shipping | G9: 45433 | H9: 3.6 | I9: 724 | J9: 95 | K9: 23280 | L9: 1363 | M9: 0 | N9: 969 | O9: 2683 | P9: 81 | Q9: 412 | R9: 95 | S9: 92 | T9: 437
A10: COAT890 | B10: NextGen Pharma | C10: 10 | D10: 1390 | E10: Low | F10: Review Contract | G10: 45536 | H10: 3.2 | I10: 1000 | J10: 85 | K10: 14580 | L10: 1451 | M10: 5 | N10: 1129 | O10: 1490 | P10: 81 | Q10: 123 | R10: 99 | S10: 82 | T10: 343
A11: COAT890 | B11: GlobalChem | C11: 13 | D11: 1392 | E11: Low | F11: Source Alternative | G11: 45612 | H11: 4.76 | I11: 669 | J11: 89 | K11: 31610 | L11: 1393 | M11: 9 | N11: 1366 | O11: 2975 | P11: 86 | Q11: 475 | R11: 98 | S11: 86 | T11: 665
A12: COMP010 | B12: PrimeLogistics | C12: 15 | D12: 1332 | E12: Medium | F12: Expedite Shipping | G12: 45550 | H12: 1.04 | I12: 730 | J12: 86 | K12: 23840 | L12: 521 | M12: 9 | N12: 1634 | O12: 1471 | P12: 98 | Q12: 112 | R12: 90 | S12: 82 | T12: 662
A13: COMP011 | B13: NextGen Pharma | C13: 6 | D13: 1463 | E13: Low | F13: Increase Inventory | G13: 45339 | H13: 1.57 | I13: 1185 | J13: 92 | K13: 18770 | L13: 1052 | M13: 2 | N13: 1981 | O13: 2915 | P13: 98 | Q13: 295 | R13: 97 | S13: 87 | T13: 701
... A51: COMP049 | B51: NextGen Pharma | C51: 9 | D51: 1304 | E51: High | F51: Review Contract | G51: 45427 | H51: 1.06 | I51: 1205 | J51: 89 | K51: 38660 | L51: 912 | M51: 4 | N51: 1524 | O51: 2105 | P51: 95 | Q51: 224 | R51: 91 | S51: 99 | T51: 320

Sheet Insights
A1: AVERAGE DELIVERY TIMELINE BY RISK LEVEL
A3: Risk Level | B3: Avg Delivery Timeline (Days)
A4: High | B4: =AVERAGEIF(Sheet1!E:E,"High",Sheet1!C:C) -> 11.25
A5: Medium | B5: =AVERAGEIF(Sheet1!E:E,"Medium",Sheet1!C:C) -> 15.125
A6: Low | B6: =AVERAGEIF(Sheet1!E:E,"Low",Sheet1!C:C) -> 12.857143
A9: ON-TIME DELIVERY RATE FOR DELAYED COMPONENTS (CARB123, BIND567, COAT890)
A11: Component | B11: Avg On-Time Delivery Rate (%)
A12: CARB123 | B12: =AVERAGEIF(Sheet1!A:A,"CARB123",Sheet1!P:P) -> 90.25
A13: BIND567 | B13: =AVERAGEIF(Sheet1!A:A,"BIND567",Sheet1!P:P) -> 99
A14: COAT890 | B14: =AVERAGEIF(Sheet1!A:A,"COAT890",Sheet1!P:P) -> 84.2
A17: SUPPLIER PERFORMANCE BREAKDOWN
A19: Supplier | B19: Avg Reliability (%) | C19: Avg On-Time Delivery (%) | D19: Avg Defect Rate (%) | E19: # Components
A20: EcoSupply | B20: =AVERAGEIF(Sheet1!B:B,"EcoSupply",Sheet1!J:J) -> 93.2 | C20: =AVERAGEIF(Sheet1!B:B,"EcoSupply",Sheet1!P:P) -> 87.9 | D20: =AVERAGEIF(Sheet1!B:B,"EcoSupply",Sheet1!H:H) -> 2.498 | E20: =COUNTIF(Sheet1!B:B,"EcoSupply") -> 10
A21: RawMatPlus | B21: =AVERAGEIF(Sheet1!B:B,"RawMatPlus",Sheet1!J:J) -> 92.846154 | C21: =AVERAGEIF(Sheet1!B:B,"RawMatPlus",Sheet1!P:P) -> 90.615385 | D21: =AVERAGEIF(Sheet1!B:B,"RawMatPlus",Sheet1!H:H) -> 2.5961538 | E21: =COUNTIF(Sheet1!B:B,"RawMatPlus") -> 13
A22: GlobalChem | B22: =AVERAGEIF(Sheet1!B:B,"GlobalChem",Sheet1!J:J) -> 92.555556 | C22: =AVERAGEIF(Sheet1!B:B,"GlobalChem",Sheet1!P:P) -> 90.888889 | D22: =AVERAGEIF(Sheet1!B:B,"GlobalChem",Sheet1!H:H) -> 2.5677778 | E22: =COUNTIF(Sheet1!B:B,"GlobalChem") -> 9
A23: NextGen Pharma | B23: =AVERAGEIF(Sheet1!B:B,"NextGen Pharma",Sheet1!J:J) -> 91.818182 | C23: =AVERAGEIF(Sheet1!B:B,"NextGen Pharma",Sheet1!P:P) -> 91.545455 | D23: =AVERAGEIF(Sheet1!B:B,"NextGen Pharma",Sheet1!H:H) -> 2.2190909 | E23: =COUNTIF(Sheet1!B:B,"NextGen Pharma") -> 11
A24: PrimeLogistics | B24: =AVERAGEIF(Sheet1!B:B,"PrimeLogistics",Sheet1!J:J) -> 91.428571 | C24: =AVERAGEIF(Sheet1!B:B,"PrimeLogistics",Sheet1!P:P) -> 88 | D24: =AVERAGEIF(Sheet1!B:B,"PrimeLogistics",Sheet1!H:H) -> 2.8885714 | E24: =COUNTIF(Sheet1!B:B,"PrimeLogistics") -> 7
